name,company_name,phone1,email
Lashonda Langanke,Krausert Diane D Esq,03-9838-7533,lashonda@langanke.net.au
Patria Popa,Blaney Sheet Metal,02-6522-3993,patria.popa@gmail.com
Nidia Horr,Goodknight David R,07-8441-8214,nidia@gmail.com
Skye Culcasi,Sullivan & Associates Ltd,03-9075-3104,skye_culcasi@hotmail.com
Kanisha Reyelts,American Board Of Surgery,03-2921-8418,kreyelts@yahoo.com
Hector Barras,Vernon Manor Hotel,03-3017-8394,hector.barras@barras.com.au
Stefan Mongolo,Keith Altizer & Company Pa,08-4563-6214,stefan_mongolo@mongolo.net.au
Francoise Byon,H P Stran & Co,08-3914-9404,francoise@hotmail.com
Lindy Vandermeer,Southern National Bank S Car,07-9407-9202,lindy@vandermeer.com.au
Arthur Diniz,American Western Mortgage,03-2517-3453,arthur@gmail.com
Nicholle Hulme,Oxner Vallerie,07-7144-4719,nicholle_hulme@hulme.com.au
Tijuana Mesch,Rochelle Cold Storage,07-1415-9307,tijuana_mesch@gmail.com
Lorenza Schoenleber,Mail Boxes Etc,08-8081-7779,lorenza.schoenleber@schoenleber.com.au
Iola Baird,Xandex Inc,08-2325-5905,ibaird@baird.net.au
Sang Weigner,Hander Deborah G Esq,03-8912-5755,sweigner@gmail.com
Leonor Prez,Vinco Furniture Inc,02-7463-8776,lprez@prez.com.au
Silvana Whelpley,Stamp House,03-5175-6193,swhelpley@yahoo.com
Anthony Stever,Burton & Davis,07-7092-8542,anthony.stever@hotmail.com
Wenona Carmel,Maier Kristine M,02-2832-1545,wenona@gmail.com
Isadora Yurick,J M Edmunds Co Inc,07-9595-6042,iyurick@hotmail.com
Mose Vonseggern,Art Concepts,07-5769-8004,mose_vonseggern@hotmail.com
Marci Aveline,Richards Don R Esq,08-3342-3889,marci.aveline@hotmail.com
Michel Hoyne,B & B Environmental Inc,08-6183-9260,michel@hoyne.com.au
Stephania Connon,Printing Delite,02-5725-5992,stephania.connon@connon.com.au
Charolette Turk,Weil Mclain Co,08-4735-5054,cturk@yahoo.com
Katie Magro,Jones Andrew D Esq,02-7265-9702,katie_magro@gmail.com
Inocencia Angeron,South Adams Savings Bank,03-6268-2647,inocencia.angeron@angeron.net.au
Nikita Novosel,Universal Granite & Marble Inc,03-5716-1053,nikita_novosel@novosel.net.au
Malcolm Gohlke,Imagelink,07-9826-3950,malcolm@yahoo.com
Desiree Englund,Wrrr Fm,08-5289-4594,denglund@gmail.com
Holley Worland,Lord Aeck & Sargent Architects,02-9885-9593,holley.worland@hotmail.com
Maryann Tates,Dalbec Agency Inc,08-1520-4093,mtates@yahoo.com
Ling Dibello,Reese Press Inc,07-1330-6750,ling_dibello@yahoo.com
Hailey Kopet,Stokes Fred J Esq,07-3799-1667,hailey_kopet@kopet.com.au
Farrah Malboeuf,Slachter David Esq,03-7139-6376,farrah@malboeuf.com.au
Candra Deritis,Girling Health Care Inc,03-4231-3633,candra@deritis.net.au
Reuben Hegland,Welders Supply Service Inc,02-1402-5215,reuben@yahoo.com
Anglea Andrion,Engelbrecht William H Esq,07-3239-2830,anglea.andrion@andrion.com.au
Paris Tuccio,Nancy Brandon Realtor,08-8868-2010,paris.tuccio@hotmail.com
Latricia Schmoyer,Flanagan Lieberman Hoffman,08-5444-3296,latricia_schmoyer@hotmail.com
Jeffrey Leuenberger,Walter W Lawrence Ink,08-1267-4421,jleuenberger@yahoo.com
Dean Vollstedt,Ship It Packaging Inc,03-6776-1146,dvollstedt@vollstedt.com.au
Deane Haag,Malsbary Mfg Co,02-9718-2944,dhaag@hotmail.com
Edelmira Pedregon,Independence Marine Corp,08-8484-3223,edelmira_pedregon@hotmail.com
Andrew Keks,Anthonys,03-5251-3153,andrew@gmail.com
Miesha Decelles,L M H Inc,03-5185-6258,mdecelles@decelles.net.au
Javier Osmer,Milgo Industrial Inc,03-8369-6924,javier@osmer.com.au
Kizzy Stangle,Rogers Clay M Esq,08-1937-3980,kizzy.stangle@yahoo.com
Sharan Wodicka,Usa Asbestos Co,08-4712-2157,sharan@wodicka.net.au
Novella Fritch,Voils Otis V,02-2612-1455,nfritch@fritch.com.au
German Dones,Oaz Communications,02-2393-3289,german@gmail.com